Entity,Code,Year,Mortality_rate,GDP,Adolescent_fertility_rate
Afghanistan,AFG,2020,5.8,20143442151,84.296
Albania,ALB,2020,0.980000019,15131866271,14.672
Algeria,DZA,2020,2.270000076,1.45E+11,12.057
Andorra,AND,2020,0.25,2891022273,6.091
Angola,AGO,2020,7.15,53619073505,139.825
Antigua and Barbuda,ATG,2020,0.64000001,1370281481,32.959
Argentina,ARG,2020,0.860000038,3.86E+11,39.866
Armenia,ARM,2020,1.089999962,12641697523,18.571
Australia,AUS,2020,0.370000005,1.33E+12,8.081
Austria,AUT,2020,0.35999999,4.35E+11,5.363
Azerbaijan,AZE,2020,1.939999962,42693000000,41.797
Bahamas,BHS,2020,1.230000019,9699500000,25.84
Bahrain,BHR,2020,0.680000019,34723357447,9.185
Bangladesh,BGD,2020,2.910000038,3.74E+11,76.411
Barbados,BRB,2020,1.219999981,4671800000,42.421
Belarus,BLR,2020,0.29000001,61371126414,11.904
Belgium,BEL,2020,0.419999981,5.25E+11,5.239
Belize,BLZ,2020,1.169999981,2080000000,56.671
Benin,BEN,2020,8.590000153,15651545209,92.935
Bhutan,BTN,2020,2.760000038,2325184481,19.242
Bolivia,BOL,2020,2.539999962,36629843805,64.383
Bosnia and Herzegovina,BIH,2020,0.569999981,19950471171,10.049
Botswana,BWA,2020,4.479999924,14930072459,50.083
Brazil,BRA,2020,1.469999981,1.45E+12,46.296
Brunei,BRN,2020,1.15,12005825759,10.026
Bulgaria,BGR,2020,0.60999999,70240275010,39.218
Burkina Faso,BFA,2020,8.5,17933606353,112.228
Burundi,BDI,2020,5.440000153,2649671999,54.36
Cambodia,KHM,2020,2.570000076,25872798012,46.341
Cameroon,CMR,2020,7.219999695,40773241531,111.522
Canada,CAN,2020,0.5,1.65E+12,6.985
Cape Verde,CPV,2020,1.419999981,1703698677,55.952
Central African Republic,CAF,2020,10.3,2326720921,160.744
Chad,TCD,2020,11,10715396135,141.338
Chile,CHL,2020,0.680000019,2.53E+11,24.08
China,CHN,2020,0.730000019,1.47E+13,11.73
Colombia,COL,2020,1.319999981,2.70E+11,59.708
Comoros,COM,2020,6.129999924,1225039231,59.166
Congo,COG,2020,4.459999847,10483151176,104.81
Costa Rica,CRI,2020,0.79000001,62158002233,38.024
Cote d'Ivoire,CIV,2020,7.790000153,61348579465,105.891
Croatia,HRV,2020,0.45999999,57472012427,8.895
Cuba,CUB,2020,0.50999999,1.07E+11,51.493
Cyprus,CYP,2020,0.279999995,25008448886,6.896
Czechia,CZE,2020,0.29000001,2.46E+11,9.839
Democratic Republic of Congo,COD,2020,8.119999695,48716960860,109.898
Denmark,DNK,2020,0.35999999,3.55E+11,1.893
Djibouti,DJI,2020,5.590000153,3181071154,22.776
Dominica,DMA,2020,3.540000153,504214814.8,39.022
Dominican Republic,DOM,2020,3.379999924,78844702329,68.278
Ecuador,ECU,2020,1.3,99291124000,63.944
Egypt,EGY,2020,1.95,3.65E+11,45.672
El Salvador,SLV,2020,1.289999962,24563020000,56.83
Equatorial Guinea,GNQ,2020,7.85,10099158075,143.936
Eritrea,ERI,2020,3.929999924,,64.78
Estonia,EST,2020,0.20999999,31370395573,8.829
Eswatini,SWZ,2020,4.659999847,3982226055,70.784
Ethiopia,ETH,2020,4.870000076,1.08E+11,70.643
Fiji,FJI,2020,2.739999962,4477040340,27.103
Finland,FIN,2020,0.229999995,2.72E+11,4.092
France,FRA,2020,0.44000001,2.64E+12,9.407
Gabon,GAB,2020,4.170000076,15314577168,92.632
Gambia,GMB,2020,4.940000153,1812169484,63.944
Georgia,GEO,2020,0.930000019,15842922533,29.077
Germany,DEU,2020,0.370000005,3.89E+12,7.417
Ghana,GHA,2020,4.470000076,70043199814,65.152
Greece,GRC,2020,0.40999999,1.89E+11,8.421
Grenada,GRD,2020,1.639999962,1043414815,33.472
Guatemala,GTM,2020,2.360000038,77625486978,66.848
Guinea,GIN,2020,9.559999847,14177835816,117.138
Guinea-Bissau,GNB,2020,7.680000305,1431758243,88.923
Guyana,GUY,2020,2.839999962,5471256595,67.801
Haiti,HTI,2020,6.05,14508218017,53.643
Honduras,HND,2020,1.620000076,23827840810,72.874
Hungary,HUN,2020,0.4,1.57E+11,22.286
Iceland,ISL,2020,0.189999998,21694674810,5.51
India,IND,2020,3.259999847,2.67E+12,17.278
Indonesia,IDN,2020,2.3,1.06E+12,34.485
Iran,IRN,2020,1.289999962,2.40E+11,30.776
Iraq,IRQ,2020,2.520000076,1.84E+11,63.664
Ireland,IRL,2020,0.3,4.26E+11,5.867
Israel,ISR,2020,0.35999999,4.13E+11,7.58
Italy,ITA,2020,0.29000001,1.90E+12,3.881
Jamaica,JAM,2020,1.330000019,13812425037,33.313
Japan,JPN,2020,0.25,5.04E+12,2.887
Jordan,JOR,2020,1.5,44182298292,25.812
Kazakhstan,KAZ,2020,1,1.71E+11,22.878
Kenya,KEN,2020,4.190000153,1.01E+11,64.939
Kiribati,KIR,2020,4.959999847,180911843.6,41.865
Kuwait,KWT,2020,0.889999962,1.06E+11,5.934
Kyrgyzstan,KGZ,2020,1.75,7780874537,36.048
Laos,LAO,2020,4.409999847,18981800705,74.572
Latvia,LVA,2020,0.4,34601740323,11.199
Lebanon,LBN,2020,0.7,31712128254,20.489
Lesotho,LSO,2020,8.95,2231214507,89.727
Liberia,LBR,2020,7.830000305,3039982500,126.41
Libya,LBY,2020,1.110000038,50357312595,7.011
Lithuania,LTU,2020,0.329999995,56846622904,10.368
Luxembourg,LUX,2020,0.279999995,73992591285,4.298
Madagascar,MDG,2020,5.020000076,13051441059,121.319
Malawi,MWI,2020,3.859999847,12182348213,119.484
Malaysia,MYS,2020,0.860000038,3.37E+11,9.315
Maldives,MDV,2020,0.65,3746321936,7.62
Mali,MLI,2020,9.1,17465392916,152.159
Malta,MLT,2020,0.65,14933066819,11.429
Marshall Islands,MHL,2020,3.070000076,241722400,60.315
Mauritania,MRT,2020,7.069999695,8405491202,78.855
Mauritius,MUS,2020,1.65,11401050655,24.551
Mexico,MEX,2020,1.369999981,1.09E+12,57.865
Micronesia (country),FSM,2020,2.470000076,408000000,36.125
Moldova,MDA,2020,1.45,11859730544,27.354
Monaco,MCO,2020,0.3,6739691605,7.175
Mongolia,MNG,2020,1.539999962,13312981595,27.774
Montenegro,MNE,2020,0.24000001,4769860741,10.383
Morocco,MAR,2020,1.870000076,1.21E+11,26.446
Mozambique,MOZ,2020,7.059999847,14028811072,168.074
Myanmar,MMR,2020,4.370000076,78930257227,33.089
Namibia,NAM,2020,4.020000076,10581585630,65.67
Nauru,NRU,2020,2.85,114626625.6,74.078
Nepal,NPL,2020,2.820000076,33433670512,64.938
Netherlands,NLD,2020,0.419999981,9.10E+11,2.613
New Zealand,NZL,2020,0.469999981,2.12E+11,12.853
Nicaragua,NIC,2020,1.6,12586970511,87.361
Niger,NER,2020,7.75,13744174690,172.925
Nigeria,NGA,2020,11.38000031,4.32E+11,102.215
North Korea,PRK,2020,1.65,,2.245
North Macedonia,MKD,2020,0.59000001,12363580535,16.101
Norway,NOR,2020,0.220000005,3.62E+11,2.313
Oman,OMN,2020,1.1,75909397659,10.306
Pakistan,PAK,2020,6.519999695,3.00E+11,43.213
Palau,PLW,2020,1.689999962,251900000,42.844
Palestine,PSE,2020,1.65,15531700000,44.531
Panama,PAN,2020,1.430000019,53977000000,70.838
Papua New Guinea,PNG,2020,4.390000153,23848265896,56.415
Paraguay,PRY,2020,1.889999962,35432178068,71.302
Peru,PER,2020,1.280000019,2.02E+11,58.053
Philippines,PHL,2020,2.639999962,3.62E+11,49.156
Poland,POL,2020,0.44000001,5.99E+11,9.743
Portugal,PRT,2020,0.329999995,2.29E+11,7.597
Qatar,QAT,2020,0.580000019,1.44E+11,7.696
Romania,ROU,2020,0.69000001,2.51E+11,36.763
Russia,RUS,2020,0.54000001,1.49E+12,14.833
Rwanda,RWA,2020,4.05,10184345442,32.333
Saint Kitts and Nevis,KNA,2020,1.5,884525925.9,39.388
Saint Lucia,LCA,2020,2.439999962,1516015719,37.408
Saint Vincent and the Grenadines,VCT,2020,1.410000038,872134555.6,48.417
Samoa,WSM,2020,1.7,868904477.7,44.192
San Marino,SMR,2020,0.179999995,1541204338,3.655
Sao Tome and Principe,STP,2020,1.610000038,472551022.5,81.252
Saudi Arabia,SAU,2020,0.7,7.03E+11,12.032
Senegal,SEN,2020,3.809999847,24493157583,67.617
Serbia,SRB,2020,0.55999999,53356480454,14.5
Seychelles,SYC,2020,1.389999962,1261198524,54.356
Sierra Leone,SLE,2020,10.78000031,4063289450,103.487
Singapore,SGP,2020,0.220000005,3.45E+11,2.599
Slovakia,SVK,2020,0.580000019,1.07E+11,26.347
Slovenia,SVN,2020,0.220000005,53706800044,4.387
Solomon Islands,SLB,2020,1.939999962,1536148246,60.728
Somalia,SOM,2020,11.45999985,6883000000,119.081
South Africa,ZAF,2020,3.220000076,3.38E+11,62.742
South Korea,KOR,2020,0.3,1.64E+12,2.371
South Sudan,SSD,2020,9.790000153,,99.177
Spain,ESP,2020,0.320000005,1.28E+12,5.979
Sri Lanka,LKA,2020,0.69000001,85349112171,15.854
Sudan,SDN,2020,5.659999847,27034593750,82.208
Suriname,SUR,2020,1.760000038,2911807496,56.028
Sweden,SWE,2020,0.25999999,5.47E+11,3.325
Switzerland,CHE,2020,0.4,7.40E+11,2.194
Syria,SYR,2020,2.239999962,11079795397,38.625
Tajikistan,TJK,2020,3.229999924,8133996648,46.589
Tanzania,TZA,2020,4.890000153,62409709111,124.482
Thailand,THA,2020,0.869999981,5.00E+11,33.224
Timor,TLS,2020,4.229999924,2158392540,34.557
Togo,TGO,2020,6.440000153,7574636979,78.994
Tonga,TON,2020,1.139999962,484806718.3,19.098
Trinidad and Tobago,TTO,2020,1.660000038,21059428851,38.57
Tunisia,TUN,2020,1.660000038,42537832456,6.807
Turkey,TUR,2020,0.95,7.20E+11,17.74
Turkmenistan,TKM,2020,4.179999924,,22.52
Tuvalu,TUV,2020,2.2,55054710.62,33.603
Uganda,UGA,2020,4.329999924,37600368181,109.579
Ukraine,UKR,2020,0.810000038,1.57E+11,15.323
United Arab Emirates,ARE,2020,0.65999999,3.49E+11,3.077
United Kingdom,GBR,2020,0.419999981,2.70E+12,10.645
United States,USA,2020,0.630000019,2.11E+13,15.83
Uruguay,URY,2020,0.619999981,53560755047,35.927
Uzbekistan,UZB,2020,1.389999962,59894305353,16.479
Vanuatu,VUT,2020,2.489999962,896879875.2,64.857
Venezuela,VEN,2020,2.420000076,,84.075
Vietnam,VNM,2020,2.089999962,3.47E+11,34.709
Yemen,YEM,2020,5.959999847,,56.16
Zambia,ZMB,2020,6.140000153,18110631358,119.009
Afghanistan,AFG,2010,8.780000305,15354604544,120.82
Albania,ALB,2010,1.330000019,10420206592,19.65
Algeria,DZA,2010,2.739999962,1.41E+11,10.288
Andorra,AND,2010,0.45,2927781376,10.558
Angola,AGO,2010,12.04000015,93159276544,164.955
Antigua and Barbuda,ATG,2010,1,1231261568,42.477
Argentina,ARG,2010,1.45,5.53E+11,67.064
Armenia,ARM,2010,1.829999924,8513508864,29.07
Australia,AUS,2010,0.480000019,1.18E+12,16.622
Austria,AUT,2010,0.430000019,3.62E+11,10.434
Azerbaijan,AZE,2010,3.729999924,47218532352,54.472
Bahamas,BHS,2010,1.560000038,11442470912,35.993
Bahrain,BHR,2010,0.85,26036230144,15.732
Bangladesh,BGD,2010,4.909999847,1.44E+11,112.165
Barbados,BRB,2010,1.5,4727000064,45.138
Belarus,BLR,2010,0.55999999,53317529600,22.382
Belgium,BEL,2010,0.44000001,4.33E+11,10.265
Belize,BLZ,2010,1.889999962,1524864000,71.989
Benin,BEN,2010,10.9,9094481920,95.85
Bhutan,BTN,2010,4.240000153,1532318208,38.769
Bolivia,BOL,2010,4.159999847,25266542592,76.308
Bosnia and Herzegovina,BIH,2010,0.719999981,15177492480,14.83
Botswana,BWA,2010,5.140000153,11211688960,52.223
Brazil,BRA,2010,1.860000038,1.70E+12,66.179
Brunei,BRN,2010,0.969999981,12994802688,15.721
Bulgaria,BGR,2010,1.080000019,47537504256,43.958
Burkina Faso,BFA,2010,12.15,9088720896,129.541
Burundi,BDI,2010,9.1,2718169856,75.944
Cambodia,KHM,2010,4.379999924,12767924224,49.316
Cameroon,CMR,2010,11.00999985,25389533184,127.055
Canada,CAN,2010,0.569999981,1.40E+12,13.964
Cape Verde,CPV,2010,2.629999924,1483214208,78.974
Central African Republic,CAF,2010,14.5,2332499968,167.675
Chad,TCD,2010,14.76999969,8653710336,185.266
Chile,CHL,2010,0.869999981,2.01E+11,53.205
China,CHN,2010,1.580000019,7.55E+12,15.908
Colombia,COL,2010,1.829999924,2.33E+11,77.996
Comoros,COM,2010,8.459999847,833484352,80.351
Congo,COG,2010,6.2,10349750272,128.024
Costa Rica,CRI,2010,1.05,46858457088,65.123
Cote d'Ivoire,CIV,2010,10.63000031,34643521536,119.999
Croatia,HRV,2010,0.55,50466734080,12.58
Cuba,CUB,2010,0.64000001,75879251968,55.976
Cyprus,CYP,2010,0.34000001,21581989888,6.133
Czechia,CZE,2010,0.34000001,1.73E+11,11.975
Democratic Republic of Congo,COD,2010,11.38000031,26093584384,122.612
Denmark,DNK,2010,0.40999999,2.84E+11,5.022
Djibouti,DJI,2010,7.659999847,,24.833
Dominica,DMA,2010,2.460000038,544369600,45.981
Dominican Republic,DOM,2010,3.509999847,55959425024,109.433
Ecuador,ECU,2010,1.9,79915229184,91.858
Egypt,EGY,2010,2.870000076,2.88E+11,58.306
El Salvador,SLV,2010,1.939999962,20622815232,70.912
Equatorial Guinea,GNQ,2010,11.11999969,13061295104,171.755
Eritrea,ERI,2010,5.509999847,2073049728,74.322
Estonia,EST,2010,0.45999999,19420680192,19.482
Eswatini,SWZ,2010,8.55,3518702848,83.316
Ethiopia,ETH,2010,8.2,39727091712,100.744
Fiji,FJI,2010,2.360000038,3889692672,40.87
Finland,FIN,2010,0.3,2.34E+11,8.295
France,FRA,2010,0.419999981,2.32E+12,10.668
Gabon,GAB,2010,6.170000076,11147388928,111.716
Gambia,GMB,2010,7.359999847,1350595840,94.637
Georgia,GEO,2010,1.419999981,11741494272,56.836
Germany,DEU,2010,0.419999981,3.09E+12,9.687
Ghana,GHA,2010,6.909999847,35165253632,68.709
Greece,GRC,2010,0.39000001,2.40E+11,10.453
Grenada,GRD,2010,1.510000038,855943872,39.433
Guatemala,GTM,2010,3.479999924,51426570240,89.008
Guinea,GIN,2010,11.76999969,7025019904,146.808
Guinea-Bissau,GNB,2010,11.45,891775808,111.733
Guyana,GUY,2010,3.740000153,3632810496,80.478
Haiti,HTI,2010,20.36000061,12902332416,62.688
Honduras,HND,2010,2.329999924,17516607488,89.482
Hungary,HUN,2010,0.6,1.13E+11,18.6
Iceland,ISL,2010,0.270000005,15327572992,12.881
India,IND,2010,5.820000076,1.54E+12,39.222
Indonesia,IDN,2010,3.379999924,6.58E+11,45.847
Iran,IRN,2010,1.929999924,3.93E+11,34.998
Iraq,IRQ,2010,3.490000153,1.21E+11,83.902
Ireland,IRL,2010,0.419999981,2.09E+11,14.665
Israel,ISR,2010,0.45999999,2.48E+11,13.367
Italy,ITA,2010,0.4,1.90E+12,6.867
Jamaica,JAM,2010,1.8,13739175936,52.838
Japan,JPN,2010,0.320000005,4.22E+12,4.561
Jordan,JOR,2010,2.010000038,33723826176,36.014
Kazakhstan,KAZ,2010,2.039999962,1.47E+11,29.575
Kenya,KEN,2010,5.740000153,55748902912,101.767
Kiribati,KIR,2010,6.440000153,140781488,44.653
Kuwait,KWT,2010,1.039999962,95846137856,12.334
Kyrgyzstan,KGZ,2010,2.95,5263492608,37.584
Laos,LAO,2010,6.830000305,9912449024,89.213
Latvia,LVA,2010,0.780000019,22996918272,18.227
Lebanon,LBN,2010,1.019999981,45248720896,21.467
Lesotho,LSO,2010,9.640000153,1986757248,84.065
Liberia,LBR,2010,9.980000305,2523750144,146.546
Libya,LBY,2010,1.660000038,54977400832,5.986
Lithuania,LTU,2010,0.6,34401357824,14.37
Luxembourg,LUX,2010,0.279999995,54012829696,7.353
Madagascar,MDG,2010,6.930000305,9925207040,141.136
Malawi,MWI,2010,8.419999695,5218860544,142.439
Malaysia,MYS,2010,0.810000038,2.33E+11,13.932
Maldives,MDV,2010,1.389999962,3116691968,18.152
Mali,MLI,2010,13.03000031,11009110016,172.594
Malta,MLT,2010,0.669999981,8521308672,17.938
Marshall Islands,MHL,2010,3.9,180807392,81.151
Mauritania,MRT,2010,9.559999847,4951454208,91.664
Mauritius,MUS,2010,1.45,9775428608,32.053
Mexico,MEX,2010,1.920000076,1.01E+12,75.329
Micronesia (country),FSM,2010,3.309999847,317470528,40.525
Moldova,MDA,2010,1.710000038,6452461056,31.394
Monaco,MCO,2010,0.4,4703735808,8.755
Mongolia,MNG,2010,2.629999924,7152385536,21.358
Montenegro,MNE,2010,0.669999981,3703881472,16.632
Morocco,MAR,2010,3.120000076,83183640576,30.218
Mozambique,MOZ,2010,10.49000015,11292434432,163.631
Myanmar,MMR,2010,6.370000076,45669363712,34.88
Namibia,NAM,2010,4.909999847,8787651584,76.979
Nauru,NRU,2010,3.75,41204600,77.586
Nepal,NPL,2010,4.590000153,19764531200,78.3
Netherlands,NLD,2010,0.44000001,7.38E+11,5.174
New Zealand,NZL,2010,0.60999999,1.54E+11,29.546
Nicaragua,NIC,2010,2.389999962,9778809856,97.947
Niger,NER,2010,12.19000015,7299346432,189.555
Nigeria,NGA,2010,13.55,3.81E+11,123.402
North Korea,PRK,2010,2.95,,1.281
North Macedonia,MKD,2010,1.039999962,8918643712,20.257
Norway,NOR,2010,0.329999995,3.54E+11,8.388
Oman,OMN,2010,1.169999981,62776156160,14.944
Pakistan,PAK,2010,8.709999847,2.22E+11,54.134
Palau,PLW,2010,2.310000038,234129904,32.247
Palestine,PSE,2010,2.210000038,11082399744,54.871
Panama,PAN,2010,1.989999962,37273325568,91.622
Papua New Guinea,PNG,2010,5.790000153,16339698688,69.098
Paraguay,PRY,2010,2.620000076,29786034176,76.263
Peru,PER,2010,1.979999924,1.50E+11,64.919
Philippines,PHL,2010,3.170000076,2.29E+11,61.355
Poland,POL,2010,0.6,4.13E+11,15.979
Portugal,PRT,2010,0.379999995,2.08E+11,14.358
Qatar,QAT,2010,0.910000038,1.17E+11,17.157
Romania,ROU,2010,1.239999962,1.54E+11,41.957
Russia,RUS,2010,1.039999962,1.25E+12,30.579
Rwanda,RWA,2010,6.379999924,6015645696,43.257
Saint Kitts and Nevis,KNA,2010,1.75,819370880,46.161
Saint Lucia,LCA,2010,1.970000076,1767216000,40.43
Saint Vincent and the Grenadines,VCT,2010,1.979999924,716440640,65.682
Samoa,WSM,2010,1.929999924,758822272,44.112
San Marino,SMR,2010,0.29000001,1652603264,4.684
Sao Tome and Principe,STP,2010,3.609999847,252936032,119.117
Saudi Arabia,SAU,2010,1.230000019,5.09E+11,13.677
Senegal,SEN,2010,6.569999695,14575382528,81.803
Serbia,SRB,2010,0.75999999,37959856128,20.207
Seychelles,SYC,2010,1.410000038,1084506112,59.203
Sierra Leone,SLE,2010,16.06000061,3437630720,137.667
Singapore,SGP,2010,0.279999995,2.47E+11,5.02
Slovakia,SVK,2010,0.7,78318051328,23.067
Slovenia,SVN,2010,0.320000005,42226601984,5.319
Solomon Islands,SLB,2010,2.639999962,1108154880,63.603
Somalia,SOM,2010,15.73999939,,130.861
South Africa,ZAF,2010,5.2,3.12E+11,67.824
South Korea,KOR,2010,0.40999999,1.26E+12,2.789
South Sudan,SSD,2010,10.84000015,22367647744,111.497
Spain,ESP,2010,0.379999995,1.20E+12,10.888
Sri Lanka,LKA,2010,1.139999962,59780042752,23.3
Sudan,SDN,2010,7.569999695,59215298560,99.723
Suriname,SUR,2010,2.310000038,4731441152,64.169
Sweden,SWE,2010,0.30999999,4.54E+11,6.263
Switzerland,CHE,2010,0.45999999,6.42E+11,4.083
Syria,SYR,2010,1.889999962,34016657408,48.556
Tajikistan,TJK,2010,4.270000076,5897861632,48.483
Tanzania,TZA,2010,7.190000153,34802102272,119.387
Thailand,THA,2010,1.360000038,3.47E+11,50.765
Timor,TLS,2010,6.15,1296499072,45.458
Togo,TGO,2010,8.9,3103184640,89.209
Tonga,TON,2010,1.319999981,391911616,20.671
Trinidad and Tobago,TTO,2010,2.25,24046505984,41.94
Tunisia,TUN,2010,1.839999962,42282852352,6.999
Turkey,TUR,2010,1.810000038,6.14E+11,35.469
Turkmenistan,TKM,2010,4.309999847,21701781504,24.589
Tuvalu,TUV,2010,3.129999924,29675542,35.278
Uganda,UGA,2010,7.630000305,24896350208,128.949
Ukraine,UKR,2010,1.169999981,1.06E+11,30.23
United Arab Emirates,ARE,2010,0.869999981,2.78E+11,13.72
United Kingdom,GBR,2010,0.519999981,2.67E+12,23.861
United States,USA,2010,0.730000019,1.63E+13,34.436
Uruguay,URY,2010,1.069999981,45125320704,64.922
Uzbekistan,UZB,2010,2.870000076,60876693504,21.669
Vanuatu,VUT,2010,2.910000038,674601728,70.606
Venezuela,VEN,2010,1.710000038,,96.868
Vietnam,VNM,2010,2.289999962,1.45E+11,34.991
Yemen,YEM,2010,5.879999924,63039586304,77.304
Zambia,ZMB,2010,7.9,16527123456,133.273
Afghanistan,AFG,2000,12.91999969,,152.572
Albania,ALB,2000,2.720000076,6057217024,14.792
Algeria,DZA,2000,3.970000076,96577871872,9.302
Andorra,AND,2000,0.819999981,2240757248,9.281
Angola,AGO,2000,20.43999939,40193671168,177.316
Antigua and Barbuda,ATG,2000,1.55,1069381632,63.429
Argentina,ARG,2000,1.960000038,3.96E+11,66.54
Armenia,ARM,2000,3.060000038,3959424768,36.644
Australia,AUS,2000,0.619999981,8.73E+11,17.357
Austria,AUT,2000,0.55,3.11E+11,14.06
Azerbaijan,AZE,2000,7.440000153,11918017536,33.89
Bahamas,BHS,2000,1.629999924,10664886272,47.804
Bahrain,BHR,2000,1.25,15447922688,13.276
Bangladesh,BGD,2000,8.6,83463815168,147.994
Barbados,BRB,2000,1.510000038,4411344896,53.139
Belarus,BLR,2000,1.269999981,26115770368,26.695
Belgium,BEL,2000,0.580000019,3.66E+11,11.915
Belize,BLZ,2000,2.360000038,1057996352,99.894
Benin,BEN,2000,13.68000031,6219354112,117.261
Bhutan,BTN,2000,7.719999695,655103424,69.775
Bolivia,BOL,2000,7.559999847,17334777856,90.335
Bosnia and Herzegovina,BIH,2000,0.989999962,10681820160,17.848
Botswana,BWA,2000,8.05,7508742144,67.562
Brazil,BRA,2000,3.470000076,1.19E+12,86.362
Brunei,BRN,2000,1.030000019,11348838400,29.152
Bulgaria,BGR,2000,1.75,30374060032,45.249
Burkina Faso,BFA,2000,17.88999939,5107828224,135.684
Burundi,BDI,2000,15.45,1955662848,81.409
Cambodia,KHM,2000,10.63000031,5914027008,54.402
Cameroon,CMR,2000,14.38999939,17168567296,142.596
Canada,CAN,2000,0.619999981,1.05E+12,17.452
Cape Verde,CPV,2000,3.809999847,845261440,100.424
Central African Republic,CAF,2000,16.88999939,1675850368,148.779
Chad,TCD,2000,18.4,3133116416,201.92
Chile,CHL,2000,1.089999962,1.33E+11,61.305
China,CHN,2000,3.670000076,2.77E+12,12.579
Colombia,COL,2000,2.510000038,1.57E+11,94.675
Comoros,COM,2000,10.05999985,645255168,92.025
Congo,COG,2000,11.40999985,6446511104,120.388
Costa Rica,CRI,2000,1.310000038,30425016320,82.104
Cote d'Ivoire,CIV,2000,14.33000031,30406072320,140.972
Croatia,HRV,2000,0.830000019,39345635328,16.181
Cuba,CUB,2000,0.880000019,45683752960,47.865
Cyprus,CYP,2000,0.65,15533898752,10.351
Czechia,CZE,2000,0.55,1.26E+11,13.349
Democratic Republic of Congo,COD,2000,15.93000031,16528061440,123.988
Denmark,DNK,2000,0.569999981,2.63E+11,8.169
Djibouti,DJI,2000,10.1,,33.891
Dominica,DMA,2000,1.689999962,428336256,59.459
Dominican Republic,DOM,2000,4,35659264000,112.23
Ecuador,ECU,2000,2.95,53379219456,88.773
Egypt,EGY,2000,4.659999847,1.80E+11,58.95
El Salvador,SLV,2000,3.320000076,17621989376,107.896
Equatorial Guinea,GNQ,2000,15.56999969,2699948800,178.464
Eritrea,ERI,2000,8.519999695,1899038720,85.114
Estonia,EST,2000,1.089999962,13914165248,26.095
Eswatini,SWZ,2000,11.21999969,2484984320,107.487
Ethiopia,ETH,2000,14.06999969,17352577024,143.402
Fiji,FJI,2000,2.239999962,3330795008,43.367
Finland,FIN,2000,0.430000019,1.96E+11,9.699
France,FRA,2000,0.54000001,2.05E+12,11.913
Gabon,GAB,2000,8.290000153,9689371648,133.846
Gambia,GMB,2000,11.34000015,960226496,119.552
Georgia,GEO,2000,3.659999847,6387071488,45.439
Germany,DEU,2000,0.54000001,2.84E+12,13.698
Ghana,GHA,2000,9.969999695,20062228480,83.564
Greece,GRC,2000,0.64000001,2.01E+11,9.877
Grenada,GRD,2000,1.55,717464640,45.566
Guatemala,GTM,2000,5.209999847,37033857024,109.177
Guinea,GIN,2000,16.41999969,5176459776,158.157
Guinea-Bissau,GNB,2000,17.38000031,693736448,128.41
Guyana,GUY,2000,4.640000153,2875474944,102.276
Haiti,HTI,2000,10.39000015,11137888256,76.165
Honduras,HND,2000,3.7,11688953856,123.567
Hungary,HUN,2000,1.010000038,91597627392,24.049
Iceland,ISL,2000,0.40999999,11859726336,22.926
India,IND,2000,9.169999695,8.01E+11,100.704
Indonesia,IDN,2000,5.220000076,3.95E+11,54.557
Iran,IRN,2000,3.620000076,2.55E+11,35.483
Iraq,IRQ,2000,4.45,1.02E+11,62.309
Ireland,IRL,2000,0.70999999,1.58E+11,19.615
Israel,ISR,2000,0.69000001,1.81E+11,17.29
Italy,ITA,2000,0.55999999,1.84E+12,7.26
Jamaica,JAM,2000,2.220000076,12852231168,74.835
Japan,JPN,2000,0.45,3.99E+12,5.426
Jordan,JOR,2000,2.679999924,18378625024,35.928
Kazakhstan,KAZ,2000,4.25,66179338240,32.28
Kenya,KEN,2000,9.85,36630892544,114.962
Kiribati,KIR,2000,6.809999847,131085888,44.063
Kuwait,KWT,2000,1.239999962,61254639616,18.084
Kyrgyzstan,KGZ,2000,4.979999924,3518703616,36.096
Laos,LAO,2000,10.71999969,4981660160,100.814
Latvia,LVA,2000,1.419999981,15925337088,20.104
Lebanon,LBN,2000,1.989999962,25856299008,25.208
Lesotho,LSO,2000,10.69000015,1453472896,78.348
Liberia,LBR,2000,18.96999969,2210291968,144.876
Libya,LBY,2000,2.810000038,35311517696,12.221
Lithuania,LTU,2000,1.069999981,22478991360,23.705
Luxembourg,LUX,2000,0.45,40369840128,12.264
Madagascar,MDG,2000,10.54000015,7688842752,145.084
Malawi,MWI,2000,17.46000061,3281566976,154.573
Malaysia,MYS,2000,1.019999981,1.48E+11,12.106
Maldives,MDV,2000,3.9,1950616576,31.1
Mali,MLI,2000,18.73999939,6257620992,182.216
Malta,MLT,2000,0.780000019,6705396224,19.869
Marshall Islands,MHL,2000,4.2,151086592,99.344
Mauritania,MRT,2000,11.25,3409607680,92.364
Mauritius,MUS,2000,1.879999924,6568128000,38.898
Mexico,MEX,2000,2.839999962,8.76E+11,73.673
Micronesia (country),FSM,2000,3.779999924,310899136,65.191
Moldova,MDA,2000,3.15,3912791296,43.252
Monaco,MCO,2000,0.519999981,3910970112,13.209
Mongolia,MNG,2000,6.35,3817248768,27.173
Montenegro,MNE,2000,1.419999981,2679695616,22.647
Morocco,MAR,2000,5.229999924,51328696320,35.495
Mozambique,MOZ,2000,17.03999939,5218763776,168.573
Myanmar,MMR,2000,8.959999847,14481505280,39.351
Namibia,NAM,2000,7.580000305,5607982592,86.189
Nauru,NRU,2000,4.259999847,,80.154
Nepal,NPL,2000,7.909999847,13462155264,117.956
Netherlands,NLD,2000,0.619999981,6.44E+11,7.345
New Zealand,NZL,2000,0.74000001,1.19E+11,28.783
Nicaragua,NIC,2000,3.85,7324912128,113.855
Niger,NER,2000,22.48999939,4522117632,204.397
Nigeria,NGA,2000,18.28999939,1.77E+11,132.063
North Korea,PRK,2000,6,,2.512
North Macedonia,MKD,2000,1.6,6653272576,31.203
Norway,NOR,2000,0.49000001,3.03E+11,11.712
Oman,OMN,2000,1.65,46776463360,31.447
Pakistan,PAK,2000,10.78000031,1.46E+11,74.747
Palau,PLW,2000,2.85,224719296,33.038
Palestine,PSE,2000,3.039999962,7118373376,91.024
Panama,PAN,2000,2.6,21076830208,93.293
Papua New Guinea,PNG,2000,7.109999847,11016472576,77.637
Paraguay,PRY,2000,3.390000153,20783390720,80.563
Peru,PER,2000,3.820000076,87410450432,74.182
Philippines,PHL,2000,3.770000076,1.43E+11,52.43
Poland,POL,2000,0.930000019,2.81E+11,16.681
Portugal,PRT,2000,0.719999981,1.93E+11,22.083
Qatar,QAT,2000,1.25,33690630144,18.958
Romania,ROU,2000,2.160000038,1.02E+11,39.544
Russia,RUS,2000,1.929999924,7.80E+11,27.227
Rwanda,RWA,2000,18.51999969,2736646144,46.857
Saint Kitts and Nevis,KNA,2000,2.379999924,667028736,71.544
Saint Lucia,LCA,2000,1.839999962,1461865856,57.579
Saint Vincent and the Grenadines,VCT,2000,2.220000076,538771264,77.067
Samoa,WSM,2000,2.120000076,570103488,43.989
San Marino,SMR,2000,0.55999999,1495563008,6.174
Sao Tome and Principe,STP,2000,8.2,,124.946
Saudi Arabia,SAU,2000,2.2,3.66E+11,30.536
Senegal,SEN,2000,12.95,10450471936,100.189
Serbia,SRB,2000,1.260000038,24001644544,24.61
Seychelles,SYC,2000,1.380000019,888117056,55.256
Sierra Leone,SLE,2000,22.48999939,1847810304,160.913
Singapore,SGP,2000,0.39000001,1.40E+11,8.863
Slovakia,SVK,2000,0.980000019,48038268928,23.489
Slovenia,SVN,2000,0.55,32301449216,7.909
Solomon Islands,SLB,2000,3.070000076,800188160,76.04
Somalia,SOM,2000,17.26999969,,129.944
South Africa,ZAF,2000,7.15,2.22E+11,65.691
South Korea,KOR,2000,0.75,7.99E+11,1.81
South Sudan,SSD,2000,18.11999969,,149.275
Spain,ESP,2000,0.54000001,9.71E+11,9.285
Sri Lanka,LKA,2000,1.65,36117098496,29.89
Sudan,SDN,2000,10.43000031,37610270720,101.881
Suriname,SUR,2000,3.120000076,2920990720,80.478
Sweden,SWE,2000,0.40999999,3.65E+11,7.055
Switzerland,CHE,2000,0.55999999,5.32E+11,6.168
Syria,SYR,2000,2.3,20589023232,57.292
Tajikistan,TJK,2000,8.359999847,2700027136,47.482
Tanzania,TZA,2000,12.96999969,18472710144,131.585
Thailand,THA,2000,2.2,2.21E+11,34.459
Timor,TLS,2000,10.76999969,832710144,60.364
Togo,TGO,2000,11.99000015,2489291520,97.234
Tonga,TON,2000,1.689999962,359756032,23.819
Trinidad and Tobago,TTO,2000,2.789999962,13457137664,38.992
Tunisia,TUN,2000,2.989999962,27972503552,7.702
Turkey,TUR,2000,3.790000153,4.14E+11,53.517
Turkmenistan,TKM,2000,6.969999695,10334005248,25.022
Tuvalu,TUV,2000,4.209999847,27051156,34.824
Uganda,UGA,2000,14.61000061,12220817408,167.322
Ukraine,UKR,2000,1.829999924,69836365824,30.769
United Arab Emirates,ARE,2000,1.110000038,1.90E+11,25.818
United Kingdom,GBR,2000,0.65,2.31E+12,29.058
United States,USA,2000,0.839999962,1.37E+13,46.734
Uruguay,URY,2000,1.7,33474418688,70.557
Uzbekistan,UZB,2000,6.070000076,31472652288,20.941
Vanuatu,VUT,2000,2.85,524661664,73.959
Venezuela,VEN,2000,2.160000038,,96.234
Vietnam,VNM,2000,2.979999924,76474564608,27.968
Yemen,YEM,2000,9.5,41498841088,110.114
Zambia,ZMB,2000,15.58999939,8059030016,158.291
Afghanistan,AFG,1990,17.83999939,,142.96
Albania,ALB,1990,4.1,5279159296,14.815
Algeria,DZA,1990,4.909999847,80470654976,24.322
Andorra,AND,1990,1.510000038,1638029568,10.656
Angola,AGO,1990,22.28000031,35530706944,198.803
Antigua and Barbuda,ATG,1990,1.4,742654400,82.867
Argentina,ARG,1990,2.860000038,2.66E+11,70.928
Armenia,ARM,1990,4.909999847,5839777280,73.201
Australia,AUS,1990,0.919999981,6.31E+11,21.673
Austria,AUT,1990,0.95,2.41E+11,22.827
Azerbaijan,AZE,1990,9.5,20239380480,31.329
Bahamas,BHS,1990,2.35,8621162496,65.267
Bahrain,BHR,1990,2.3,9006117888,23.845
Bangladesh,BGD,1990,14.61000061,52834009088,175.741
Barbados,BRB,1990,1.810000038,3919862272,54.331
Belarus,BLR,1990,1.519999981,29452556288,42.06
Belgium,BEL,1990,1,2.93E+11,11.956
Belize,BLZ,1990,3.840000153,590278080,128.786
Benin,BEN,1990,17.28999939,3958255360,125.025
Bhutan,BTN,1990,12.74000015,417288288,106.404
Bolivia,BOL,1990,12.16999969,11974420480,96.346
Bosnia and Herzegovina,BIH,1990,1.810000038,,38.315
Botswana,BWA,1990,4.890000153,4663627776,101.544
Brazil,BRA,1990,6.309999847,9.17E+11,87.528
Brunei,BRN,1990,1.330000019,9094891520,37.813
Bulgaria,BGR,1990,1.839999962,38595960832,69.923
Burkina Faso,BFA,1990,19.91000061,3042310144,144.36
Burundi,BDI,1990,17.01000061,2386139392,74.13
Cambodia,KHM,1990,11.64000015,,82.908
Cameroon,CMR,1990,13.63000031,15416689664,168.519
Canada,CAN,1990,0.819999981,,27.61
Cape Verde,CPV,1990,6.029999924,286950048,123.42
Central African Republic,CAF,1990,17.66999969,1492780672,165.343
Chad,TCD,1990,21.21000061,2501264384,210.377
Chile,CHL,1990,1.910000038,72618524672,68.178
China,CHN,1990,5.370000076,1.03E+12,30.986
Colombia,COL,1990,3.559999847,1.20E+11,94.916
Comoros,COM,1990,12.49000015,529044000,99.741
Congo,COG,1990,9.130000305,5595955200,123.676
Costa Rica,CRI,1990,1.679999924,18845896704,93.687
Cote d'Ivoire,CIV,1990,15.28000031,22747082752,164.676
Croatia,HRV,1990,1.289999962,,27.073
Cuba,CUB,1990,1.360000038,52749434880,77.793
Cyprus,CYP,1990,1.119999981,9941348352,35.111
Czechia,CZE,1990,1.210000038,1.20E+11,40.665
Democratic Republic of Congo,COD,1990,18.56999969,29404733440,121.212
Denmark,DNK,1990,0.9,2.02E+11,9.331
Djibouti,DJI,1990,11.81999969,,46.119
Dominica,DMA,1990,1.639999962,350351680,91.477
Dominican Republic,DOM,1990,5.95,19981324288,116.527
Ecuador,ECU,1990,5.409999847,43683852288,88.897
Egypt,EGY,1990,8.559999847,1.15E+11,80.932
El Salvador,SLV,1990,6,12680052736,123.204
Equatorial Guinea,GNQ,1990,17.8,173733392,184.778
Eritrea,ERI,1990,15.3,,98.8
Estonia,EST,1990,1.760000038,,54.371
Eswatini,SWZ,1990,6.740000153,1857308416,133.422
Ethiopia,ETH,1990,20.13000031,13224510464,173.019
Fiji,FJI,1990,2.9,2640873728,67.831
Finland,FIN,1990,0.669999981,1.56E+11,12.122
France,FRA,1990,0.9,1.66E+12,12.71
Gabon,GAB,1990,9.25,8218372608,168.644
Gambia,GMB,1990,16.63000031,694740160,153.717
Georgia,GEO,1990,4.790000153,17028651008,61.975
Germany,DEU,1990,0.85,2.34E+12,20.707
Ghana,GHA,1990,12.74000015,13167489024,107.522
Greece,GRC,1990,1.039999962,1.58E+11,21.21
Grenada,GRD,1990,2.239999962,510050240,85.629
Guatemala,GTM,1990,8.040000153,24741806080,111.983
Guinea,GIN,1990,23.18000031,3528427520,157.784
Guinea-Bissau,GNB,1990,22.23000031,652092032,117.622
Guyana,GUY,1990,6.059999847,1782665472,125.757
Haiti,HTI,1990,14.51999969,11141943296,83.78
Honduras,HND,1990,5.820000076,8555513856,127.428
Hungary,HUN,1990,1.720000076,,38.126
Iceland,ISL,1990,0.65,,32.803
India,IND,1990,12.61999969,4.65E+11,122.287
Indonesia,IDN,1990,8.4,2.70E+11,74.708
Iran,IRN,1990,5.75,1.88E+11,85.872
Iraq,IRQ,1990,5.409999847,62001516544,71.342
Ireland,IRL,1990,0.919999981,80562757632,15.814
Israel,ISR,1990,1.160000038,,20.344
Italy,ITA,1990,0.969999981,1.56E+12,9.021
Jamaica,JAM,1990,3.039999962,10772515840,104.445
Japan,JPN,1990,0.630000019,3.52E+12,3.484
Jordan,JOR,1990,3.6,11597279232,54.236
Kazakhstan,KAZ,1990,5.190000153,95326502912,51.613
Kenya,KEN,1990,10.15,30431944704,127.235
Kiribati,KIR,1990,9.180000305,109880824,59.382
Kuwait,KWT,1990,1.620000076,,27.376
Kyrgyzstan,KGZ,1990,6.540000153,5284730368,50.865
Laos,LAO,1990,15.38999939,2736044800,102.956
Latvia,LVA,1990,1.7,,51.658
Lebanon,LBN,1990,3.240000153,9918720000,50.796
Lesotho,LSO,1990,8.4,966132416,85.521
Liberia,LBR,1990,26.43999939,,165.303
Libya,LBY,1990,4.190000153,,14.348
Lithuania,LTU,1990,1.519999981,,41.314
Luxembourg,LUX,1990,0.880000019,25212438528,14.273
Madagascar,MDG,1990,15.61000061,6492399104,133.152
Malawi,MWI,1990,24.56999969,2339569408,156.917
Malaysia,MYS,1990,1.660000038,74627440640,19.418
Maldives,MDV,1990,8.569999695,,127.591
Mali,MLI,1990,23.06999969,4198817536,165.353
Malta,MLT,1990,1.130000019,3568002304,9.903
Marshall Islands,MHL,1990,4.729999924,139267088,136.004
Mauritania,MRT,1990,11.75999985,2806310656,114.4
Mauritius,MUS,1990,2.3,3936940800,44.352
Mexico,MEX,1990,4.540000153,6.26E+11,82.102
Micronesia (country),FSM,1990,4.909999847,243162528,61.067
Moldova,MDA,1990,3.359999847,,56.296
Monaco,MCO,1990,0.769999981,3215533312,13.263
Mongolia,MNG,1990,10.74000015,3826905856,36.552
Montenegro,MNE,1990,1.65,,27.157
Morocco,MAR,1990,8.059999847,38537256960,44.386
Mozambique,MOZ,1990,24.48999939,2859677952,159.34
Myanmar,MMR,1990,11.55999985,7619405824,49.257
Namibia,NAM,1990,7.269999695,3912567552,95.316
Nauru,NRU,1990,6.719999695,,56.403
Nepal,NPL,1990,13.88000031,8271822848,129.901
Netherlands,NLD,1990,0.830000019,4.65E+11,8.729
New Zealand,NZL,1990,1.119999981,87934353408,35.883
Nicaragua,NIC,1990,6.669999695,5248483328,148.341
Niger,NER,1990,32.96000061,3860672768,209.991
Nigeria,NGA,1990,21,1.51E+11,140.866
North Korea,PRK,1990,4.340000153,,6.674
North Macedonia,MKD,1990,3.690000153,7293739520,44.852
Norway,NOR,1990,0.869999981,2.11E+11,17.595
Oman,OMN,1990,3.920000076,29333594112,110.373
Pakistan,PAK,1990,13.96999969,99535003648,100.516
Palau,PLW,1990,3.529999924,,53.753
Palestine,PSE,1990,4.5,,109.959
Panama,PAN,1990,3.129999924,12706169856,95.774
Papua New Guinea,PNG,1990,8.490000153,7373369344,83.455
Paraguay,PRY,1990,4.55,16384184320,100.271
Peru,PER,1990,8.019999695,59593011200,82.298
Philippines,PHL,1990,5.659999847,1.07E+11,55.165
Poland,POL,1990,1.739999962,1.95E+11,29.998
Portugal,PRT,1990,1.469999981,1.45E+11,23.501
Qatar,QAT,1990,2.079999924,,52.569
Romania,ROU,1990,3.129999924,1.16E+11,52.222
Russia,RUS,1990,2.160000038,1.16E+12,54.33
Rwanda,RWA,1990,15.03000031,2714234880,57.105
Saint Kitts and Nevis,KNA,1990,3.039999962,430370208,80.441
Saint Lucia,LCA,1990,2.179999924,1162740480,102.691
Saint Vincent and the Grenadines,VCT,1990,2.379999924,406842976,96.492
Samoa,WSM,1990,2.989999962,448576512,47.926
San Marino,SMR,1990,1.389999962,,9.444
Sao Tome and Principe,STP,1990,10.81999969,,114.214
Saudi Arabia,SAU,1990,4.429999924,2.83E+11,72.247
Senegal,SEN,1990,13.83000031,7649320448,117.78
Serbia,SRB,1990,2.829999924,,35.735
Seychelles,SYC,1990,1.629999924,586186688,61.431
Sierra Leone,SLE,1990,25.96000061,2391930368,166.378
Singapore,SGP,1990,0.769999981,70864052224,8.918
Slovakia,SVK,1990,1.469999981,,42.909
Slovenia,SVN,1990,1.039999962,,24.179
Solomon Islands,SLB,1990,3.809999847,622015360,93.249
Somalia,SOM,1990,18.01000061,,117.939
South Africa,ZAF,1990,6.090000153,1.85E+11,95.872
South Korea,KOR,1990,1.560000038,4.01E+11,4.081
South Sudan,SSD,1990,25.05,,147.254
Spain,ESP,1990,0.910000038,7.37E+11,11.679
Sri Lanka,LKA,1990,2.279999924,21721651200,30.326
Sudan,SDN,1990,13.16999969,21889093632,92.397
Suriname,SUR,1990,4.509999847,2670848000,94.696
Sweden,SWE,1990,0.7,2.96E+11,13.865
Switzerland,CHE,1990,0.819999981,4.71E+11,7.556
Syria,SYR,1990,3.670000076,11619961856,79.288
Tajikistan,TJK,1990,10.23000031,7089606656,43.003
Tanzania,TZA,1990,16.56000061,13737550848,135.983
Thailand,THA,1990,3.709999847,1.44E+11,51.146
Timor,TLS,1990,17.51999969,,66.003
Togo,TGO,1990,14.75,2005232640,105.655
Tonga,TON,1990,2.210000038,261126112,30.861
Trinidad and Tobago,TTO,1990,3.029999924,7717482496,60.254
Tunisia,TUN,1990,5.529999924,17602170880,18.624
Turkey,TUR,1990,7.419999695,2.89E+11,64.443
Turkmenistan,TKM,1990,7.95,13145978880,25.291
Tuvalu,TUV,1990,5.279999924,19994710,46.984
Uganda,UGA,1990,18.31000061,6498038272,177.405
Ukraine,UKR,1990,1.929999924,1.61E+11,58.033
United Arab Emirates,ARE,1990,1.65,1.21E+11,48.493
United Kingdom,GBR,1990,0.930000019,1.80E+12,34.556
United States,USA,1990,1.119999981,9.80E+12,60.633
Uruguay,URY,1990,2.289999962,23958439936,62.495
Uzbekistan,UZB,1990,7.059999847,32109737984,43.569
Vanuatu,VUT,1990,3.529999924,387013600,82.776
Venezuela,VEN,1990,2.95,,97.802
Vietnam,VNM,1990,5.159999847,36843184128,43.715
Yemen,YEM,1990,12.64000015,23918133248,152.051
Zambia,ZMB,1990,18.15,6840844288,150.216
Afghanistan,AFG,1980,24.36000061,,136.482
Albania,ALB,1980,8.209999847,4650625024,21.862
Algeria,DZA,1980,15,61248610304,70.276
Andorra,AND,1980,,1226664448,23.219
Angola,AGO,1980,23.73000031,29612271616,168.278
Antigua and Barbuda,ATG,1980,1.629999924,422535296,107.957
Argentina,ARG,1980,4.279999924,2.88E+11,76.784
Armenia,ARM,1980,7.369999695,,50.763
Australia,AUS,1980,1.3,4.52E+11,27.085
Austria,AUT,1980,1.620000076,1.93E+11,34.383
Azerbaijan,AZE,1980,,,21.223
Bahamas,BHS,1980,2.939999962,6373079040,73.74
Bahrain,BHR,1980,3.220000076,7719989760,56.457
Bangladesh,BGD,1980,20.56999969,35654197248,210.858
Barbados,BRB,1980,2.689999962,3570293760,72.504
Belarus,BLR,1980,2.1,,33.269
Belgium,BEL,1980,1.460000038,2.40E+11,20.657
Belize,BLZ,1980,6.469999695,362153536,147.425
Benin,BEN,1980,21.26999969,2879134720,136.972
Bhutan,BTN,1980,19.48999939,163460688,124.172
Bolivia,BOL,1980,16.9,11833371648,103.283
Bosnia and Herzegovina,BIH,1980,,,38.473
Botswana,BWA,1980,7.240000153,1660360320,143.517
Brazil,BRA,1980,9.630000305,7.85E+11,79.41
Brunei,BRN,1980,2.070000076,10920201216,54.788
Bulgaria,BGR,1980,2.379999924,30380969984,79.713
Burkina Faso,BFA,1980,23.98999939,2152496128,150.372
Burundi,BDI,1980,22.48999939,1542822272,92.768
Cambodia,KHM,1980,18.15,,79.578
Cameroon,CMR,1980,17.91000061,11114265600,186.987
Canada,CAN,1980,1.25,,28.683
Cape Verde,CPV,1980,9.009999847,172138336,96.535
Central African Republic,CAF,1980,18.56999969,1347429248,162.452
Chad,TCD,1980,24.01999969,1504033792,213.135
Chile,CHL,1980,3.3,54455095296,75.78
China,CHN,1980,6.259999847,4.23E+11,12.749
Colombia,COL,1980,5.829999924,86155083776,89.664
Comoros,COM,1980,17.46999969,396530240,125.526
Congo,COG,1980,10.70999985,3495802368,144.012
Costa Rica,CRI,1980,2.439999962,14850204672,99.665
Cote d'Ivoire,CIV,1980,16.95,21184094208,204.076
Croatia,HRV,1980,,,44.701
Cuba,CUB,1980,2.210000038,35363532800,77.84
Cyprus,CYP,1980,1.870000076,5430084096,32.167
Czechia,CZE,1980,,,49.504
Democratic Republic of Congo,COD,1980,21.2,26933852160,137.499
Denmark,DNK,1980,1,1.64E+11,15.753
Djibouti,DJI,1980,15.5,,61.811
Dominica,DMA,1980,2.45,216932400,79.782
Dominican Republic,DOM,1980,8.690000153,15807889408,113.895
Ecuador,ECU,1980,9.140000153,33793085440,98.641
Egypt,EGY,1980,16.83000031,62910668800,109.525
El Salvador,SLV,1980,12.51999969,12519981056,149.117
Equatorial Guinea,GNQ,1980,,132086048,177.149
Eritrea,ERI,1980,19.33999939,,100.052
Estonia,EST,1980,2.25,,44.738
Eswatini,SWZ,1980,11.4,766447552,175.8
Ethiopia,ETH,1980,24.05,,170.636
Fiji,FJI,1980,4.459999847,2303846144,70.205
Finland,FIN,1980,0.869999981,1.14E+11,18.31
France,FRA,1980,1.239999962,1.30E+12,23.728
Gabon,GAB,1980,11.93000031,6872101888,185.479
Gambia,GMB,1980,22.96999969,486991872,193.921
Georgia,GEO,1980,5.929999924,17702912000,47.83
Germany,DEU,1980,1.5,1.86E+12,26.565
Ghana,GHA,1980,16.71999969,10640221184,122.693
Greece,GRC,1980,1.95,1.48E+11,53.794
Grenada,GRD,1980,3.8,326340224,102.235
Guatemala,GTM,1980,12.20999985,22681206784,140.746
Guinea,GIN,1980,28,,164.954
Guinea-Bissau,GNB,1980,,401284064,120.512
Guyana,GUY,1980,7,2514896384,89.778
Haiti,HTI,1980,19.06999969,12038087680,84.696
Honduras,HND,1980,9.480000305,6467345408,138.091
Hungary,HUN,1980,2.360000038,,69.153
Iceland,ISL,1980,0.960000038,,53.707
India,IND,1980,16.81000061,2.71E+11,145.341
Indonesia,IDN,1980,12.09000015,1.58E+11,113.951
Iran,IRN,1980,10.81999969,1.50E+11,142.827
Iraq,IRQ,1980,7.290000153,39747321856,85.651
Ireland,IRL,1980,1.430000019,56444370944,21.654
Israel,ISR,1980,1.810000038,,36.439
Italy,ITA,1980,1.610000038,1.23E+12,19.758
Jamaica,JAM,1980,4.1,8275942912,134.483
Japan,JPN,1980,0.989999962,2.26E+12,3.438
Jordan,JOR,1980,5.520000076,9558198272,84.178
Kazakhstan,KAZ,1980,7.059999847,,38.601
Kenya,KEN,1980,11.06999969,20428054528,155.947
Kiribati,KIR,1980,11.85999985,116627888,69.09
Kuwait,KWT,1980,3.6,,77.347
Kyrgyzstan,KGZ,1980,9.880000305,,38.722
Laos,LAO,1980,20.61999969,,102.195
Latvia,LVA,1980,2.070000076,,42.436
Lebanon,LBN,1980,5.029999924,,66.466
Lesotho,LSO,1980,12.4,647331136,100.655
Liberia,LBR,1980,24.41000061,,193.539
Libya,LBY,1980,7.1,,74.215
Lithuania,LTU,1980,2.039999962,,26.945
Luxembourg,LUX,1980,1.330000019,15551149056,17.142
Madagascar,MDG,1980,17.21999969,6170038784,154.246
Malawi,MWI,1980,25.82000122,1881744640,183.045
Malaysia,MYS,1980,3.029999924,41758167040,33.96
Maldives,MDV,1980,14.98999939,,170.559
Mali,MLI,1980,30.15,3269193728,187.084
Malta,MLT,1980,1.689999962,2433318144,12.95
Marshall Islands,MHL,1980,6.430000305,,167.475
Mauritania,MRT,1980,16.53999939,2382148864,121.395
Mauritius,MUS,1980,4.1,2194212352,54.604
Mexico,MEX,1980,7.169999695,5.20E+11,107.948
Micronesia (country),FSM,1980,6.120000076,,87.154
Moldova,MDA,1980,5.009999847,,41.645
Monaco,MCO,1980,,2536048640,16.606
Mongolia,MNG,1980,16.3,,45.418
Montenegro,MNE,1980,,,21.045
Morocco,MAR,1980,13.43999939,24285347840,79.472
Mozambique,MOZ,1980,26.81000061,2817483520,173.98
Myanmar,MMR,1980,14.11999969,6550831104,63.008
Namibia,NAM,1980,10.19000015,3477744896,106.448
Nauru,NRU,1980,,,48.181
Nepal,NPL,1980,20.78999939,5209673216,123.472
Netherlands,NLD,1980,1.089999962,3.73E+11,9.072
New Zealand,NZL,1980,1.560000038,72873238528,38.975
Nicaragua,NIC,1980,10.85,6016973312,162.273
Niger,NER,1980,32.17999878,3876950016,221.599
Nigeria,NGA,1980,21.3,1.59E+11,166.099
North Korea,PRK,1980,,,13.424
North Macedonia,MKD,1980,,,50.123
Norway,NOR,1980,1.010000038,1.64E+11,24.46
Oman,OMN,1980,11.09000015,12422124544,215.632
Pakistan,PAK,1980,16.51000061,54119018496,102.942
Palau,PLW,1980,4.590000153,,53.991
Palestine,PSE,1980,7.95,,99.834
Panama,PAN,1980,4.390000153,11093389312,112.997
Papua New Guinea,PNG,1980,10.56999969,6506006016,91.683
Paraguay,PRY,1980,6.5,10968910848,92.083
Peru,PER,1980,12.64000015,65927905280,94.337
Philippines,PHL,1980,7.969999695,89725059072,61.695
Poland,POL,1980,2.389999962,,33.957
Portugal,PRT,1980,2.75,1.06E+11,41.019
Qatar,QAT,1980,3.629999924,,82.924
Romania,ROU,1980,3.579999924,,71.208
Russia,RUS,1980,2.760000038,,47.558
Rwanda,RWA,1980,21.86999969,2219763456,67.871
Saint Kitts and Nevis,KNA,1980,5.029999924,246982416,124.97
Saint Lucia,LCA,1980,3.279999924,541840576,155.833
Saint Vincent and the Grenadines,VCT,1980,5.279999924,245357600,139.821
Samoa,WSM,1980,4.370000076,,54.67
San Marino,SMR,1980,,,22.222
Sao Tome and Principe,STP,1980,9.069999695,,126.523
Saudi Arabia,SAU,1980,9.309999847,3.43E+11,149.849
Senegal,SEN,1980,20.46999969,5916759552,161.686
Serbia,SRB,1980,,,45.918
Seychelles,SYC,1980,3.039999962,432926720,124.191
Sierra Leone,SLE,1980,28.72000122,2189781760,198.649
Singapore,SGP,1980,1.480000019,33659660288,12.961
Slovakia,SVK,1980,,,47.587
Slovenia,SVN,1980,,,55.575
Solomon Islands,SLB,1980,5.229999924,547373504,98.712
Somalia,SOM,1980,,,85.378
South Africa,ZAF,1980,9.5,1.59E+11,105.943
South Korea,KOR,1980,3.620000076,1.55E+11,12.409
South Sudan,SSD,1980,28.82999878,,146.9
Spain,ESP,1980,1.489999962,5.52E+11,24.885
Sri Lanka,LKA,1980,4.620000076,14408623104,41.897
Sudan,SDN,1980,14.66999969,17125110784,114.923
Suriname,SUR,1980,,2668999168,81.52
Sweden,SWE,1980,0.839999962,2.38E+11,15.123
Switzerland,CHE,1980,1.039999962,3.78E+11,9.907
Syria,SYR,1980,6.009999847,10256855040,109.16
Tajikistan,TJK,1980,12.98999939,,37.446
Tanzania,TZA,1980,17.81000061,,154.837
Thailand,THA,1980,6.079999924,67657355264,59.436
Timor,TLS,1980,,,64.771
Togo,TGO,1980,17.93000031,1805763968,126.222
Tonga,TON,1980,2.939999962,,58.342
Trinidad and Tobago,TTO,1980,3.940000153,9823875072,86.812
Tunisia,TUN,1980,9.530000305,12402210816,32.318
Turkey,TUR,1980,12.79000015,1.73E+11,105.607
Turkmenistan,TKM,1980,11.94000015,,28.83
Tuvalu,TUV,1980,6.309999847,,45.64
Uganda,UGA,1980,21.98000031,,181.094
Ukraine,UKR,1980,2.639999962,,50.171
United Arab Emirates,ARE,1980,3.529999924,1.14E+11,122.398
United Kingdom,GBR,1980,1.410000038,1.35E+12,30.243
United States,USA,1980,1.5,7.08E+12,52.753
Uruguay,URY,1980,3.959999847,24020058112,63.857
Uzbekistan,UZB,1980,11.78000031,,37.988
Vanuatu,VUT,1980,6.759999847,295031904,88.535
Venezuela,VEN,1980,4.409999847,,95.523
Vietnam,VNM,1980,6.930000305,,32.828
Yemen,YEM,1980,20.91000061,,176.999
Zambia,ZMB,1980,15.63999939,6168039936,169.501
Afghanistan,AFG,1970,30.21000061,,140.861
Albania,ALB,1970,,,35.779
Algeria,DZA,1970,23.85,34261413888,105.636
Andorra,AND,1970,,859118336,20.511
Angola,AGO,1970,,,162.851
Antigua and Barbuda,ATG,1970,3.170000076,,114
Argentina,ARG,1970,7.169999695,2.21E+11,64.638
Armenia,ARM,1970,,,41.462
Australia,AUS,1970,2.15,3.36E+11,49.151
Austria,AUT,1970,2.9,1.35E+11,58.158
Azerbaijan,AZE,1970,,,42.108
Bahamas,BHS,1970,3.05,4836919808,92.057
Bahrain,BHR,1970,7.630000305,,133.379
Bangladesh,BGD,1970,27.37999878,32894816256,237.515
Barbados,BRB,1970,4.790000153,,90.503
Belarus,BLR,1970,,,19.623
Belgium,BEL,1970,2.4,1.72E+11,31.9
Belize,BLZ,1970,9.740000153,181992656,150.248
Benin,BEN,1970,26.05,2208695808,143.103
Bhutan,BTN,1970,27.53999939,,127.431
Bolivia,BOL,1970,22.91999969,8069284352,93.877
Bosnia and Herzegovina,BIH,1970,,,46.843
Botswana,BWA,1970,12.24000015,410003936,143.063
Brazil,BRA,1970,13.31000061,3.43E+11,73.886
Brunei,BRN,1970,5.4,,71.329
Bulgaria,BGR,1970,3.25,,71.007
Burkina Faso,BFA,1970,31.65,1555087104,153.639
Burundi,BDI,1970,25.13000031,1226889600,92.087
Cambodia,KHM,1970,,,89.983
Cameroon,CMR,1970,21.2,5912593920,185.174
Canada,CAN,1970,2.2,,42.661
Cape Verde,CPV,1970,14.45,,97.631
Central African Republic,CAF,1970,22.31999969,1186793856,180.883
Chad,TCD,1970,,1876153216,208.922
Chile,CHL,1970,7.990000153,41062023168,88.773
China,CHN,1970,11.25,2.32E+11,44.196
Colombia,COL,1970,9.75,50388185088,95.262
Comoros,COM,1970,22.81999969,,142.677
Congo,COG,1970,13.71000061,1880872576,148.795
Costa Rica,CRI,1970,7.469999695,8578910720,102.201
Cote d'Ivoire,CIV,1970,24.45,12664748032,203.001
Croatia,HRV,1970,,,47.835
Cuba,CUB,1970,3.609999847,23120750592,163.557
Cyprus,CYP,1970,,,22.082
Czechia,CZE,1970,,,48.908
Democratic Republic of Congo,COD,1970,24.73999939,25829146624,150.52
Denmark,DNK,1970,1.670000076,1.33E+11,33.173
Djibouti,DJI,1970,,,68.261
Dominica,DMA,1970,5.45,,119.377
Dominican Republic,DOM,1970,12.36999969,7943143424,127.105
Ecuador,ECU,1970,13.71000061,17347895296,96.476
Egypt,EGY,1970,24.65,33206347776,127.799
El Salvador,SLV,1970,15,10487813120,143.93
Equatorial Guinea,GNQ,1970,,,169.161
Eritrea,ERI,1970,,,125.285
Estonia,EST,1970,,,31.987
Eswatini,SWZ,1970,16.98999939,419059488,178.297
Ethiopia,ETH,1970,24.71000061,,157.366
Fiji,FJI,1970,5.65,1423265024,65.941
Finland,FIN,1970,1.610000038,78899732480,31.701
France,FRA,1970,1.820000076,9.11E+11,36.824
Gabon,GAB,1970,16.35,3293619712,182.647
Gambia,GMB,1970,29.51000061,302056704,211.558
Georgia,GEO,1970,,9870018560,32.971
Germany,DEU,1970,2.560000038,1.40E+12,49.183
Ghana,GHA,1970,20.25,10276709376,133.875
Greece,GRC,1970,3.089999962,94318747648,37.019
Grenada,GRD,1970,5.609999847,,111.293
Guatemala,GTM,1970,17.08000031,13085508608,139.569
Guinea,GIN,1970,32.07000122,,181.153
Guinea-Bissau,GNB,1970,,364481440,108.626
Guyana,GUY,1970,7.380000305,2199809792,110.295
Haiti,HTI,1970,24.36000061,7243091968,72.401
Honduras,HND,1970,14.61000061,3935073792,145.031
Hungary,HUN,1970,3.859999847,,48.812
Iceland,ISL,1970,1.6,,71.141
India,IND,1970,21.36000061,2.02E+11,152.163
Indonesia,IDN,1970,16.63000031,77218701312,127.711
Iran,IRN,1970,,1.60E+11,119.454
Iraq,IRQ,1970,11.35999985,12650053632,117.407
Ireland,IRL,1970,2.220000076,35538702336,15.571
Israel,ISR,1970,2.860000038,,46.658
Italy,ITA,1970,3.35,8.47E+11,26.955
Jamaica,JAM,1970,5.720000076,8946990080,157.339
Japan,JPN,1970,1.75,1.46E+12,4.735
Jordan,JOR,1970,8.959999847,,99.08
Kazakhstan,KAZ,1970,,,38.582
Kenya,KEN,1970,15.08999939,9456576512,168.027
Kiribati,KIR,1970,14.05,110420872,89.032
Kuwait,KWT,1970,7,,146.625
Kyrgyzstan,KGZ,1970,,,53.488
Laos,LAO,1970,,,102.712
Latvia,LVA,1970,,,28.444
Lebanon,LBN,1970,6.190000153,,75.568
Lesotho,LSO,1970,17.83000031,317575616,86.378
Liberia,LBR,1970,28.62999878,,182.193
Libya,LBY,1970,13.61000061,,87.709
Lithuania,LTU,1970,2.270000076,,22.383
Luxembourg,LUX,1970,2.239999962,12045251584,27.52
Madagascar,MDG,1970,14.98999939,5581403136,182.836
Malawi,MWI,1970,34.53999939,1034029056,174.679
Malaysia,MYS,1970,5.540000153,18884159488,52.695
Maldives,MDV,1970,25.78999939,,187.803
Mali,MLI,1970,37.9,2210596864,199.924
Malta,MLT,1970,2.789999962,948889920,13.658
Marshall Islands,MHL,1970,7.890000153,,156.666
Mauritania,MRT,1970,19.4,2021892352,114.271
Mauritius,MUS,1970,7.840000153,,62.956
Mexico,MEX,1970,10.66999969,2.72E+11,126.545
Micronesia (country),FSM,1970,8.259999847,,102.82
Moldova,MDA,1970,,,29.844
Monaco,MCO,1970,,1765486720,21.506
Mongolia,MNG,1970,,,53.047
Montenegro,MNE,1970,,,29.565
Morocco,MAR,1970,19,14626995200,107.445
Mozambique,MOZ,1970,27.32999878,,155.21
Myanmar,MMR,1970,17.5,4214078720,76.474
Namibia,NAM,1970,9.659999847,,105.555
Nauru,NRU,1970,,,43.718
Nepal,NPL,1970,26.6,4241505536,134.636
Netherlands,NLD,1970,1.580000019,2.79E+11,22.325
New Zealand,NZL,1970,2.079999924,,64.608
Nicaragua,NIC,1970,17.15,5810822656,182.417
Niger,NER,1970,32.97000122,3427632128,200.183
Nigeria,NGA,1970,28.43999939,99802226688,166.123
North Korea,PRK,1970,,,24.412
North Macedonia,MKD,1970,,,40.984
Norway,NOR,1970,1.620000076,1.03E+11,44.334
Oman,OMN,1970,22.91000061,7263935488,209.769
Pakistan,PAK,1970,19.03999939,34245062656,121.582
Palau,PLW,1970,8.109999847,,71.105
Palestine,PSE,1970,,,116.609
Panama,PAN,1970,6.6,6606735360,133.592
Papua New Guinea,PNG,1970,14.3,5082778112,101.778
Paraguay,PRY,1970,7.769999695,4673480704,82.904
Peru,PER,1970,19.48000031,45965357056,106.837
Philippines,PHL,1970,8.359999847,50739195904,63.612
Poland,POL,1970,3.629999924,,26.034
Portugal,PRT,1970,6.819999695,66481201152,30.08
Qatar,QAT,1970,6.619999695,,177.377
Romania,ROU,1970,5.670000076,,61.418
Russia,RUS,1970,3.779999924,,28.26
Rwanda,RWA,1970,22.18999939,1313836032,80.516
Saint Kitts and Nevis,KNA,1970,,,135.147
Saint Lucia,LCA,1970,7.409999847,,154.591
Saint Vincent and the Grenadines,VCT,1970,7.480000305,174022064,161.624
Samoa,WSM,1970,7.190000153,,57.492
San Marino,SMR,1970,,,30.312
Sao Tome and Principe,STP,1970,8.559999847,,111.611
Saudi Arabia,SAU,1970,,1.25E+11,189.111
Senegal,SEN,1970,28.9,4647265280,175.243
Serbia,SRB,1970,,,51.599
Seychelles,SYC,1970,7.55,210469536,117.59
Sierra Leone,SLE,1970,33.27000122,1744262656,249.244
Singapore,SGP,1970,2.710000038,14506255360,25.254
Slovakia,SVK,1970,,,38.118
Slovenia,SVN,1970,,,43.073
Solomon Islands,SLB,1970,9.880000305,,78.929
Somalia,SOM,1970,,,73.745
South Africa,ZAF,1970,,1.14E+11,95.564
South Korea,KOR,1970,6.120000076,63742406656,12.723
South Sudan,SSD,1970,32.17000122,,146.538
Spain,ESP,1970,,3.87E+11,13.409
Sri Lanka,LKA,1970,7.019999695,9366390784,55.715
Sudan,SDN,1970,15.68999939,12094315520,167.931
Suriname,SUR,1970,,2200691968,99.483
Sweden,SWE,1970,1.339999962,1.96E+11,35.019
Switzerland,CHE,1970,1.839999962,,23.147
Syria,SYR,1970,10.45,4083173376,121.316
Tajikistan,TJK,1970,,,42.151
Tanzania,TZA,1970,21.5,,181.249
Thailand,THA,1970,9.890000153,34858237952,68.44
Timor,TLS,1970,,,69.774
Togo,TGO,1970,22.58999939,1190294272,137.788
Tonga,TON,1970,4.890000153,,50.938
Trinidad and Tobago,TTO,1970,5.170000076,5875237888,83.409
Tunisia,TUN,1970,18,6092145664,41.183
Turkey,TUR,1970,18.71999969,1.16E+11,110.034
Turkmenistan,TKM,1970,,,38.16
Tuvalu,TUV,1970,10.6,,46.337
Uganda,UGA,1970,19.2,,197.395
Ukraine,UKR,1970,,,33.098
United Arab Emirates,ARE,1970,9.740000153,,151.131
United Kingdom,GBR,1970,2.1,1.09E+12,49.596
United States,USA,1970,2.320000076,5.18E+12,66.338
Uruguay,URY,1970,5.4,17847945216,60.091
Uzbekistan,UZB,1970,,,51.13
Vanuatu,VUT,1970,10.73000031,,90.579
Venezuela,VEN,1970,6.279999924,,110.208
Vietnam,VNM,1970,8.269999695,,28.836
Yemen,YEM,1970,33.07999878,,137.477
Zambia,ZMB,1970,18.13999939,5387686400,193.048
Afghanistan,AFG,1960,35.82000122,,138.876
Albania,ALB,1960,,,59.371
Algeria,DZA,1960,24.11000061,23999023104,123.158
Andorra,AND,1960,,,14.624
Angola,AGO,1960,,,148.279
Antigua and Barbuda,ATG,1960,8.630000305,,130.75
Argentina,ARG,1960,,1.51E+11,54.977
Armenia,ARM,1960,,,50.24
Australia,AUS,1960,2.489999962,2.05E+11,43.556
Austria,AUT,1960,4.290000153,84930961408,53.068
Azerbaijan,AZE,1960,,,65.155
Bahamas,BHS,1960,,2201670912,104.648
Bahrain,BHR,1960,19.78999939,,188.842
Bangladesh,BGD,1960,26.26000061,22247411712,249.119
Barbados,BRB,1960,8.45,,119.687
Belarus,BLR,1960,,,18.39
Belgium,BEL,1960,3.379999924,1.07E+11,25.619
Belize,BLZ,1960,,110027504,155.361
Benin,BEN,1960,30.98999939,1651120640,141.909
Bhutan,BTN,1960,,,128.182
Bolivia,BOL,1960,29.08999939,4727739904,103.592
Bosnia and Herzegovina,BIH,1960,,,44.807
Botswana,BWA,1960,16.81000061,179758848,145.991
Brazil,BRA,1960,16.98000031,1.88E+11,95.216
Brunei,BRN,1960,12.24000015,,93.597
Bulgaria,BGR,1960,5.540000153,,71.725
Burkina Faso,BFA,1960,34.55,1166782720,151.903
Burundi,BDI,1960,,798636608,91.198
Cambodia,KHM,1960,,,91.933
Cameroon,CMR,1960,27.83999939,4827329536,181.915
Canada,CAN,1960,3.259999847,,57.303
Cape Verde,CPV,1960,18.05,,96.874
Central African Republic,CAF,1960,28.02999878,980371520,177.857
Chad,TCD,1960,,1696963328,191.167
Chile,CHL,1960,15.71000061,27084687360,86.483
China,CHN,1960,,1.59E+11,51.059
Colombia,COL,1960,13.46000061,30606243840,131.551
Comoros,COM,1960,,,139.955
Congo,COG,1960,19.38999939,1253554944,140.208
Costa Rica,CRI,1960,9.6,4791476224,122.781
Cote d'Ivoire,CIV,1960,31.78999939,5492745728,202.315
Croatia,HRV,1960,,,42.765
Cuba,CUB,1960,5.420000076,,160.39
Cyprus,CYP,1960,,,31.329
Czechia,CZE,1960,,,40.743
Democratic Republic of Congo,COD,1960,,19168014336,153.648
Denmark,DNK,1960,2.5,82924593152,38.655
Djibouti,DJI,1960,,,76.343
Dominica,DMA,1960,13.83000031,,143.67
Dominican Republic,DOM,1960,14.75,4530917888,154.785
Ecuador,ECU,1960,17.48000031,11683345408,117.192
Egypt,EGY,1960,31.83999939,20297834496,158.191
El Salvador,SLV,1960,18.48999939,,150.929
Equatorial Guinea,GNQ,1960,,,156.98
Eritrea,ERI,1960,,,135.147
Estonia,EST,1960,,,25.539
Eswatini,SWZ,1960,20.88000031,,176.64
Ethiopia,ETH,1960,,,101.529
Fiji,FJI,1960,7.859999847,864446528,103.216
Finland,FIN,1960,2.689999962,50609868800,27.676
France,FRA,1960,2.85,5.21E+11,29.401
Gabon,GAB,1960,22.23999939,1696430336,164.723
Gambia,GMB,1960,36.01000061,,212.758
Georgia,GEO,1960,,,30.013
Germany,DEU,1960,,,43.418
Ghana,GHA,1960,20.81999969,7657961472,161.636
Greece,GRC,1960,4.579999924,41914773504,18.552
Grenada,GRD,1960,10.15999985,,171.937
Guatemala,GTM,1960,22.11999969,7658219008,164.351
Guinea,GIN,1960,34.8,,179.179
Guinea-Bissau,GNB,1960,,,109.39
Guyana,GUY,1960,9.2,1555852800,145.253
Haiti,HTI,1960,28.98999939,6687073792,81.826
Honduras,HND,1960,20.83999939,2470924544,152.025
Hungary,HUN,1960,5.409999847,,52.398
Iceland,ISL,1960,2.15,,77.853
India,IND,1960,24.26000061,1.36E+11,148.417
Indonesia,IDN,1960,22.4,52777607168,144.143
Iran,IRN,1960,,52418965504,106.43
Iraq,IRQ,1960,19.11999969,,67.465
Ireland,IRL,1960,3.529999924,,7.783
Israel,ISR,1960,4.2,,50.24
Italy,ITA,1960,5.190000153,4.86E+11,19.981
Jamaica,JAM,1960,8.3,,148.708
Japan,JPN,1960,3.970000076,5.84E+11,4.261
Jordan,JOR,1960,15.53999939,,130.235
Kazakhstan,KAZ,1960,,,70.54
Kenya,KEN,1960,19.71999969,6102052352,173.665
Kiribati,KIR,1960,19.91000061,,95.495
Kuwait,KWT,1960,13.98999939,,175.432
Kyrgyzstan,KGZ,1960,,,78.348
Laos,LAO,1960,,,101.495
Latvia,LVA,1960,,,21.382
Lebanon,LBN,1960,7.609999847,,92.301
Lesotho,LSO,1960,18.73000031,193522656,95.686
Liberia,LBR,1960,31.28999939,,181.289
Libya,LBY,1960,27.66000061,,80.781
Lithuania,LTU,1960,,,17.28
Luxembourg,LUX,1960,3.770000076,8012571648,23.459
Madagascar,MDG,1960,,4151435264,165.467
Malawi,MWI,1960,,654451648,162.31
Malaysia,MYS,1960,9.390000153,10075037696,74.245
Maldives,MDV,1960,,,181.697
Mali,MLI,1960,,,223.452
Malta,MLT,1960,4.029999924,,23.307
Marshall Islands,MHL,1960,12.10999985,,156.809
Mauritania,MRT,1960,25.28000031,,118.615
Mauritius,MUS,1960,10.43000031,,120.067
Mexico,MEX,1960,15.55,1.41E+11,131.607
Micronesia (country),FSM,1960,12.54000015,,114.319
Moldova,MDA,1960,,,43.854
Monaco,MCO,1960,,,24.782
Mongolia,MNG,1960,,,53.074
Montenegro,MNE,1960,,,42.024
Morocco,MAR,1960,24.18000031,,171.254
Mozambique,MOZ,1960,,,135.758
Myanmar,MMR,1960,,,78.106
Namibia,NAM,1960,,,95.821
Nauru,NRU,1960,,,48.609
Nepal,NPL,1960,32.51000061,3319352576,153.676
Netherlands,NLD,1960,2.079999924,1.64E+11,15.441
New Zealand,NZL,1960,2.789999962,,52.384
Nicaragua,NIC,1960,19.75,2980627712,183.196
Niger,NER,1960,,2602180352,209.657
Nigeria,NGA,1960,,64724938752,148.916
North Korea,PRK,1960,,,39.93
North Macedonia,MKD,1960,,,39.048
Norway,NOR,1960,2.260000038,68523642880,33.436
Oman,OMN,1960,36.96000061,,225.349
Pakistan,PAK,1960,25.2,17051906048,153.798
Palau,PLW,1960,,,84.303
Palestine,PSE,1960,,,123.043
Panama,PAN,1960,9.169999695,3068863744,143.918
Papua New Guinea,PNG,1960,19.76999969,2618713088,97.299
Paraguay,PRY,1960,8.230000305,2840637184,99.264
Peru,PER,1960,22.85,27514935296,128.295
Philippines,PHL,1960,10.26999969,31344441344,71.504
Poland,POL,1960,6.509999847,,42.001
Portugal,PRT,1960,11.45999985,34854621184,25.266
Qatar,QAT,1960,,,194.536
Romania,ROU,1960,8.640000153,,60.593
Russia,RUS,1960,,,42.672
Rwanda,RWA,1960,22.1,1013240896,100.999
Saint Kitts and Nevis,KNA,1960,,,191.201
Saint Lucia,LCA,1960,16.4,,149.786
Saint Vincent and the Grenadines,VCT,1960,17.46000061,149190192,187.579
Samoa,WSM,1960,10.69000015,,84.057
San Marino,SMR,1960,,,29.562
Sao Tome and Principe,STP,1960,,,135.658
Saudi Arabia,SAU,1960,,,210.228
Senegal,SEN,1960,29.62999878,3845391104,207.515
Serbia,SRB,1960,,,52.766
Seychelles,SYC,1960,10.45,131933784,99.31
Sierra Leone,SLE,1960,39,1151844096,251.3
Singapore,SGP,1960,4.770000076,5942828032,60.481
Slovakia,SVK,1960,,,48.668
Slovenia,SVN,1960,,,28.316
Solomon Islands,SLB,1960,17.06999969,,76.766
Somalia,SOM,1960,,,75.648
South Africa,ZAF,1960,,65652817920,101.605
South Korea,KOR,1960,11.19000015,25699428352,32.081
South Sudan,SSD,1960,35.23999939,,143.35
Spain,ESP,1960,,1.89E+11,9.047
Sri Lanka,LKA,1960,9.390000153,,95.397
Sudan,SDN,1960,17.66999969,10295238656,175.037
Suriname,SUR,1960,,1039848320,120.449
Sweden,SWE,1960,1.960000038,1.24E+11,32.209
Switzerland,CHE,1960,2.65,,15.205
Syria,SYR,1960,17,2395697408,120.183
Tajikistan,TJK,1960,,,51.564
Tanzania,TZA,1960,24.16000061,,176.578
Thailand,THA,1960,14.66000061,15908745216,72.501
Timor,TLS,1960,,,77.906
Togo,TGO,1960,26.12000122,535797664,135.481
Tonga,TON,1960,,,50.669
Trinidad and Tobago,TTO,1960,6.780000305,3687200000,127.745
Tunisia,TUN,1960,,,96.511
Turkey,TUR,1960,25.7,68945223680,152.922
Turkmenistan,TKM,1960,,,46.804
Tuvalu,TUV,1960,16.96000061,,54.513
Uganda,UGA,1960,22.28999939,,191.257
Ukraine,UKR,1960,,,42.249
United Arab Emirates,ARE,1960,19.8,,160.165
United Kingdom,GBR,1960,2.660000038,7.82E+11,31.815
United States,USA,1960,3.010000038,3.46E+12,82.078
Uruguay,URY,1960,6.35,15568244736,62.958
Uzbekistan,UZB,1960,,,64.697
Vanuatu,VUT,1960,15.21000061,,95.104
Venezuela,VEN,1960,7.959999847,,128.596
Vietnam,VNM,1960,,,26.921
Yemen,YEM,1960,42.97000122,,142.832
Zambia,ZMB,1960,20.45,3745698560,184.021
